week,site,topic_type,target_keyword,suggested_url,brief
1,"K1 Login Manual","guide","k1 game login not working android setup","/guides/k1-game-login-not-working-android-setup/","Write a unique login article with original screenshots, local examples, FAQ, and internal links. Do not reuse the same article structure across domains."
2,"K1 Login Manual","guide","k1 game otp not received new user guide","/guides/k1-game-otp-not-received-new-user-guide/","Write a unique login article with original screenshots, local examples, FAQ, and internal links. Do not reuse the same article structure across domains."
3,"K1 Login Manual","comparison","k1 game password reset Pakistan mobile users","/guides/k1-game-password-reset-pakistan-mobile-users/","Write a unique login article with original screenshots, local examples, FAQ, and internal links. Do not reuse the same article structure across domains."
4,"K1 Login Manual","faq","k1 game account locked common mistake","/guides/k1-game-account-locked-common-mistake/","Write a unique login article with original screenshots, local examples, FAQ, and internal links. Do not reuse the same article structure across domains."
5,"K1 Login Manual","refresh","k1 game phone number format safe checklist","/guides/k1-game-phone-number-format-safe-checklist/","Write a unique login article with original screenshots, local examples, FAQ, and internal links. Do not reuse the same article structure across domains."
6,"K1 Login Manual","comparison","k1 game app login vs web login step by step","/guides/k1-game-app-login-vs-web-login-step-by-step/","Write a unique login article with original screenshots, local examples, FAQ, and internal links. Do not reuse the same article structure across domains."
7,"K1 Login Manual","guide","k1 game session expired FAQ update","/guides/k1-game-session-expired-faq-update/","Write a unique login article with original screenshots, local examples, FAQ, and internal links. Do not reuse the same article structure across domains."
8,"K1 Login Manual","faq","k1 game login new phone weekly review","/guides/k1-game-login-new-phone-weekly-review/","Write a unique login article with original screenshots, local examples, FAQ, and internal links. Do not reuse the same article structure across domains."
9,"K1 Login Manual","comparison","k1 game otp resend comparison notes","/guides/k1-game-otp-resend-comparison-notes/","Write a unique login article with original screenshots, local examples, FAQ, and internal links. Do not reuse the same article structure across domains."
10,"K1 Login Manual","refresh","k1 game safe login support evidence","/guides/k1-game-safe-login-support-evidence/","Write a unique login article with original screenshots, local examples, FAQ, and internal links. Do not reuse the same article structure across domains."
11,"K1 Login Manual","guide","k1 game forgot username device compatibility","/guides/k1-game-forgot-username-device-compatibility/","Write a unique login article with original screenshots, local examples, FAQ, and internal links. Do not reuse the same article structure across domains."
12,"K1 Login Manual","faq","k1 game login error error fix","/guides/k1-game-login-error-error-fix/","Write a unique login article with original screenshots, local examples, FAQ, and internal links. Do not reuse the same article structure across domains."
13,"K1 Login Manual","guide","k1 game login not working June update","/guides/k1-game-login-not-working-june-update/","Write a unique login article with original screenshots, local examples, FAQ, and internal links. Do not reuse the same article structure across domains."
14,"K1 Login Manual","guide","k1 game otp not received July update","/guides/k1-game-otp-not-received-july-update/","Write a unique login article with original screenshots, local examples, FAQ, and internal links. Do not reuse the same article structure across domains."
15,"K1 Login Manual","refresh","k1 game password reset 2026 refresh","/guides/k1-game-password-reset-2026-refresh/","Write a unique login article with original screenshots, local examples, FAQ, and internal links. Do not reuse the same article structure across domains."
16,"K1 Login Manual","faq","k1 game account locked android setup","/guides/k1-game-account-locked-android-setup/","Write a unique login article with original screenshots, local examples, FAQ, and internal links. Do not reuse the same article structure across domains."
17,"K1 Login Manual","guide","k1 game phone number format new user guide","/guides/k1-game-phone-number-format-new-user-guide/","Write a unique login article with original screenshots, local examples, FAQ, and internal links. Do not reuse the same article structure across domains."
18,"K1 Login Manual","comparison","k1 game app login vs web login Pakistan mobile users","/guides/k1-game-app-login-vs-web-login-pakistan-mobile-users/","Write a unique login article with original screenshots, local examples, FAQ, and internal links. Do not reuse the same article structure across domains."
19,"K1 Login Manual","guide","k1 game session expired common mistake","/guides/k1-game-session-expired-common-mistake/","Write a unique login article with original screenshots, local examples, FAQ, and internal links. Do not reuse the same article structure across domains."
20,"K1 Login Manual","refresh","k1 game login new phone safe checklist","/guides/k1-game-login-new-phone-safe-checklist/","Write a unique login article with original screenshots, local examples, FAQ, and internal links. Do not reuse the same article structure across domains."
21,"K1 Login Manual","comparison","k1 game otp resend step by step","/guides/k1-game-otp-resend-step-by-step/","Write a unique login article with original screenshots, local examples, FAQ, and internal links. Do not reuse the same article structure across domains."
22,"K1 Login Manual","guide","k1 game safe login FAQ update","/guides/k1-game-safe-login-faq-update/","Write a unique login article with original screenshots, local examples, FAQ, and internal links. Do not reuse the same article structure across domains."
23,"K1 Login Manual","guide","k1 game forgot username weekly review","/guides/k1-game-forgot-username-weekly-review/","Write a unique login article with original screenshots, local examples, FAQ, and internal links. Do not reuse the same article structure across domains."
24,"K1 Login Manual","faq","k1 game login error comparison notes","/guides/k1-game-login-error-comparison-notes/","Write a unique login article with original screenshots, local examples, FAQ, and internal links. Do not reuse the same article structure across domains."
25,"K1 Login Manual","refresh","k1 game login not working support evidence","/guides/k1-game-login-not-working-support-evidence/","Write a unique login article with original screenshots, local examples, FAQ, and internal links. Do not reuse the same article structure across domains."
26,"K1 Login Manual","guide","k1 game otp not received device compatibility","/guides/k1-game-otp-not-received-device-compatibility/","Write a unique login article with original screenshots, local examples, FAQ, and internal links. Do not reuse the same article structure across domains."
27,"K1 Login Manual","comparison","k1 game password reset error fix","/guides/k1-game-password-reset-error-fix/","Write a unique login article with original screenshots, local examples, FAQ, and internal links. Do not reuse the same article structure across domains."
28,"K1 Login Manual","faq","k1 game account locked June update","/guides/k1-game-account-locked-june-update/","Write a unique login article with original screenshots, local examples, FAQ, and internal links. Do not reuse the same article structure across domains."
29,"K1 Login Manual","guide","k1 game phone number format July update","/guides/k1-game-phone-number-format-july-update/","Write a unique login article with original screenshots, local examples, FAQ, and internal links. Do not reuse the same article structure across domains."
30,"K1 Login Manual","refresh","k1 game app login vs web login 2026 refresh","/guides/k1-game-app-login-vs-web-login-2026-refresh/","Write a unique login article with original screenshots, local examples, FAQ, and internal links. Do not reuse the same article structure across domains."
31,"K1 Login Manual","guide","k1 game session expired android setup","/guides/k1-game-session-expired-android-setup/","Write a unique login article with original screenshots, local examples, FAQ, and internal links. Do not reuse the same article structure across domains."
32,"K1 Login Manual","faq","k1 game login new phone new user guide","/guides/k1-game-login-new-phone-new-user-guide/","Write a unique login article with original screenshots, local examples, FAQ, and internal links. Do not reuse the same article structure across domains."
33,"K1 Login Manual","comparison","k1 game otp resend Pakistan mobile users","/guides/k1-game-otp-resend-pakistan-mobile-users/","Write a unique login article with original screenshots, local examples, FAQ, and internal links. Do not reuse the same article structure across domains."
34,"K1 Login Manual","guide","k1 game safe login common mistake","/guides/k1-game-safe-login-common-mistake/","Write a unique login article with original screenshots, local examples, FAQ, and internal links. Do not reuse the same article structure across domains."
35,"K1 Login Manual","refresh","k1 game forgot username safe checklist","/guides/k1-game-forgot-username-safe-checklist/","Write a unique login article with original screenshots, local examples, FAQ, and internal links. Do not reuse the same article structure across domains."
36,"K1 Login Manual","faq","k1 game login error step by step","/guides/k1-game-login-error-step-by-step/","Write a unique login article with original screenshots, local examples, FAQ, and internal links. Do not reuse the same article structure across domains."
37,"K1 Login Manual","guide","k1 game login not working FAQ update","/guides/k1-game-login-not-working-faq-update/","Write a unique login article with original screenshots, local examples, FAQ, and internal links. Do not reuse the same article structure across domains."
38,"K1 Login Manual","guide","k1 game otp not received weekly review","/guides/k1-game-otp-not-received-weekly-review/","Write a unique login article with original screenshots, local examples, FAQ, and internal links. Do not reuse the same article structure across domains."
39,"K1 Login Manual","comparison","k1 game password reset comparison notes","/guides/k1-game-password-reset-comparison-notes/","Write a unique login article with original screenshots, local examples, FAQ, and internal links. Do not reuse the same article structure across domains."
40,"K1 Login Manual","refresh","k1 game account locked support evidence","/guides/k1-game-account-locked-support-evidence/","Write a unique login article with original screenshots, local examples, FAQ, and internal links. Do not reuse the same article structure across domains."
41,"K1 Login Manual","guide","k1 game phone number format device compatibility","/guides/k1-game-phone-number-format-device-compatibility/","Write a unique login article with original screenshots, local examples, FAQ, and internal links. Do not reuse the same article structure across domains."
42,"K1 Login Manual","comparison","k1 game app login vs web login error fix","/guides/k1-game-app-login-vs-web-login-error-fix/","Write a unique login article with original screenshots, local examples, FAQ, and internal links. Do not reuse the same article structure across domains."
43,"K1 Login Manual","guide","k1 game session expired June update","/guides/k1-game-session-expired-june-update/","Write a unique login article with original screenshots, local examples, FAQ, and internal links. Do not reuse the same article structure across domains."
44,"K1 Login Manual","faq","k1 game login new phone July update","/guides/k1-game-login-new-phone-july-update/","Write a unique login article with original screenshots, local examples, FAQ, and internal links. Do not reuse the same article structure across domains."
45,"K1 Login Manual","refresh","k1 game otp resend 2026 refresh","/guides/k1-game-otp-resend-2026-refresh/","Write a unique login article with original screenshots, local examples, FAQ, and internal links. Do not reuse the same article structure across domains."
46,"K1 Login Manual","guide","k1 game safe login android setup","/guides/k1-game-safe-login-android-setup/","Write a unique login article with original screenshots, local examples, FAQ, and internal links. Do not reuse the same article structure across domains."
47,"K1 Login Manual","guide","k1 game forgot username new user guide","/guides/k1-game-forgot-username-new-user-guide/","Write a unique login article with original screenshots, local examples, FAQ, and internal links. Do not reuse the same article structure across domains."
48,"K1 Login Manual","faq","k1 game login error Pakistan mobile users","/guides/k1-game-login-error-pakistan-mobile-users/","Write a unique login article with original screenshots, local examples, FAQ, and internal links. Do not reuse the same article structure across domains."
49,"K1 Login Manual","guide","k1 game login not working common mistake","/guides/k1-game-login-not-working-common-mistake/","Write a unique login article with original screenshots, local examples, FAQ, and internal links. Do not reuse the same article structure across domains."
50,"K1 Login Manual","refresh","k1 game otp not received safe checklist","/guides/k1-game-otp-not-received-safe-checklist/","Write a unique login article with original screenshots, local examples, FAQ, and internal links. Do not reuse the same article structure across domains."
51,"K1 Login Manual","comparison","k1 game password reset step by step","/guides/k1-game-password-reset-step-by-step/","Write a unique login article with original screenshots, local examples, FAQ, and internal links. Do not reuse the same article structure across domains."
52,"K1 Login Manual","faq","k1 game account locked FAQ update","/guides/k1-game-account-locked-faq-update/","Write a unique login article with original screenshots, local examples, FAQ, and internal links. Do not reuse the same article structure across domains."
